Name,notice,URL,
薬師の陵,,https://www.google.com/maps/place/%E8%96%AC%E5%B8%AB%E3%81%AE%E9%99%B5/data=!4m2!3m1!1s0x5ff5a372254d2459:0xd21cbbcd248529d1,
グランマーレ淡路,,https://www.google.com/maps/place/%E3%82%B0%E3%83%A9%E3%83%B3%E3%83%9E%E3%83%BC%E3%83%AC%E6%B7%A1%E8%B7%AF/data=!4m2!3m1!1s0x3554cdae33a51915:0xc75b306b6f7087b2,
道の駅 あわじ,,https://www.google.com/maps/place/%E9%81%93%E3%81%AE%E9%A7%85+%E3%81%82%E3%82%8F%E3%81%98/data=!4m2!3m1!1s0x6000827ccb98d373:0x5f7e2d93e728da07,
本州最南端の碑,,https://www.google.com/maps/place/%E6%9C%AC%E5%B7%9E%E6%9C%80%E5%8D%97%E7%AB%AF%E3%81%AE%E7%A2%91/data=!4m2!3m1!1s0x6006253f66f02415:0x37cedd04b66199ec,
星峠の棚田,,https://www.google.com/maps/place/%E6%98%9F%E5%B3%A0%E3%81%AE%E6%A3%9A%E7%94%B0/data=!4m2!3m1!1s0x5ff5e74290c4c1dd:0xd1f81876be4c720d,
中ノ島,,https://www.google.com/maps/place/%E4%B8%AD%E3%83%8E%E5%B3%B6/data=!4m2!3m1!1s0x6006168f295c0d41:0x1778f6aee0264493,
日本一の星空 浪合パーク,,https://www.google.com/maps/place/%E6%97%A5%E6%9C%AC%E4%B8%80%E3%81%AE%E6%98%9F%E7%A9%BA+%E6%B5%AA%E5%90%88%E3%83%91%E3%83%BC%E3%82%AF/data=!4m2!3m1!1s0x601ca7dfa0e01f0d:0x24a964690f9a612b,
ナガシマスパーランド,,https://www.google.com/maps/place/%E3%83%8A%E3%82%AC%E3%82%B7%E3%83%9E%E3%82%B9%E3%83%91%E3%83%BC%E3%83%A9%E3%83%B3%E3%83%89/data=!4m2!3m1!1s0x6003848c921cd7f5:0xaf90e65635011001,
豚田汁米,,https://www.google.com/maps/place/%E8%B1%9A%E7%94%B0%E6%B1%81%E7%B1%B3/data=!4m2!3m1!1s0x5ff4e3002555fa05:0x9f137f6e46cd9cac,
鳥海ブルーライン,,https://www.google.com/maps/place/%E9%B3%A5%E6%B5%B7%E3%83%96%E3%83%AB%E3%83%BC%E3%83%A9%E3%82%A4%E3%83%B3/data=!4m2!3m1!1s0x5f8ef513dcea7723:0x305ed57b7f77042b,
親不知レンガトンネル（旧北陸本線）,,https://www.google.com/maps/place/%E8%A6%AA%E4%B8%8D%E7%9F%A5%E3%83%AC%E3%83%B3%E3%82%AC%E3%83%88%E3%83%B3%E3%83%8D%E3%83%AB%EF%BC%88%E6%97%A7%E5%8C%97%E9%99%B8%E6%9C%AC%E7%B7%9A%EF%BC%89/data=!4m2!3m1!1s0x5ff6574ba371474d:0x60cd2bd27370189f,
長嶺大池,,https://www.google.com/maps/place/%E9%95%B7%E5%B6%BA%E5%A4%A7%E6%B1%A0/data=!4m2!3m1!1s0x5ff5ad0fca62de4f:0x71fa33ed48a8dbd3,
いわむろや,,https://www.google.com/maps/place/%E3%81%84%E3%82%8F%E3%82%80%E3%82%8D%E3%82%84/data=!4m2!3m1!1s0x5ff4e92157949873:0x2c92ed82a7164a10,
笹川流れ遊覧船乗り場,,https://www.google.com/maps/place/%E7%AC%B9%E5%B7%9D%E6%B5%81%E3%82%8C%E9%81%8A%E8%A6%A7%E8%88%B9%E4%B9%97%E3%82%8A%E5%A0%B4/data=!4m2!3m1!1s0x5f8b7e4897c67ce9:0x594bceec8b228e53,
苗名滝,,https://www.google.com/maps/place/%E8%8B%97%E5%90%8D%E6%BB%9D/data=!4m2!3m1!1s0x5ff63b7c129e38ef:0x99d518b9a614ec56,
見倉橋,,https://www.google.com/maps/place/%E8%A6%8B%E5%80%89%E6%A9%8B/data=!4m2!3m1!1s0x5ff601b97e1ba7bb:0x1577cfb29a624fa7,
深谷通信所跡地,,https://www.google.com/maps/place/%E6%B7%B1%E8%B0%B7%E9%80%9A%E4%BF%A1%E6%89%80%E8%B7%A1%E5%9C%B0/data=!4m2!3m1!1s0x601850f11b55b6d9:0x291d07cd6b8548ad,
In The Earth,,https://www.google.com/maps/place/In+The+Earth/data=!4m2!3m1!1s0x5ff4ff6a78feedb9:0x465ab1cdd26d0c4a,
草津温泉湯畑,,https://www.google.com/maps/place/%E8%8D%89%E6%B4%A5%E6%B8%A9%E6%B3%89%E6%B9%AF%E7%95%91/data=!4m2!3m1!1s0x601de655193753b5:0xe9421fc4cee55f20,
松之山温泉,,https://www.google.com/maps/place/%E6%9D%BE%E4%B9%8B%E5%B1%B1%E6%B8%A9%E6%B3%89/data=!4m2!3m1!1s0x5ff5e7d35dac42c5:0x2c2d5553c76bbaf1,
いもり池,,https://www.google.com/maps/place/%E3%81%84%E3%82%82%E3%82%8A%E6%B1%A0/data=!4m2!3m1!1s0x5ff63ddca0e16623:0x1f8dc0be7caf0cfe,
鷹の巣橋,,https://www.google.com/maps/place/%E9%B7%B9%E3%81%AE%E5%B7%A3%E6%A9%8B/data=!4m2!3m1!1s0x5f8b16f4f3069d6f:0x7d465ecfdfe138db,
白川郷,,https://www.google.com/maps/place/%E7%99%BD%E5%B7%9D%E9%83%B7/data=!4m2!3m1!1s0x5ff871b0b6bf25e7:0xccc551bb9d5805f8,
山本山高原,,https://www.google.com/maps/place/%E5%B1%B1%E6%9C%AC%E5%B1%B1%E9%AB%98%E5%8E%9F/data=!4m2!3m1!1s0x5ff5bdf80c0d1b0d:0x45c791940e95ad85,
然別湖,,https://www.google.com/maps/place/%E7%84%B6%E5%88%A5%E6%B9%96/data=!4m2!3m1!1s0x5f7318481656cf2f:0x79079cb09ae558d5,
極味や 東京駅店 ハンバーグ ステーキ,,https://www.google.com/maps/place/%E6%A5%B5%E5%91%B3%E3%82%84+%E6%9D%B1%E4%BA%AC%E9%A7%85%E5%BA%97+%E3%83%8F%E3%83%B3%E3%83%90%E3%83%BC%E3%82%B0+%E3%82%B9%E3%83%86%E3%83%BC%E3%82%AD/data=!4m2!3m1!1s0x60188b377681370b:0x5bf75a1e6ff95bf6,
精肉焼肉 とよおか,,https://www.google.com/maps/place/%E7%B2%BE%E8%82%89%E7%84%BC%E8%82%89+%E3%81%A8%E3%82%88%E3%81%8A%E3%81%8B/data=!4m2!3m1!1s0x5ff6133d4a44aa8f:0x245fe8fdd48cff5c,
アクアマリンふくしま,,https://www.google.com/maps/place/%E3%82%A2%E3%82%AF%E3%82%A2%E3%83%9E%E3%83%AA%E3%83%B3%E3%81%B5%E3%81%8F%E3%81%97%E3%81%BE/data=!4m2!3m1!1s0x60210e2091213d87:0x9c264437ae129ba0,
サントリー 山崎蒸溜所,,https://www.google.com/maps/place/%E3%82%B5%E3%83%B3%E3%83%88%E3%83%AA%E3%83%BC+%E5%B1%B1%E5%B4%8E%E8%92%B8%E6%BA%9C%E6%89%80/data=!4m2!3m1!1s0x60010363f5516cf9:0xa1f6b7e0e0166d1d,
ジブリパーク,,https://www.google.com/maps/place/%E3%82%B8%E3%83%96%E3%83%AA%E3%83%91%E3%83%BC%E3%82%AF/data=!4m2!3m1!1s0x600367450203d0b3:0x36164b7a69c5128b,
日本一うまいトコロテン,,https://www.google.com/maps/place/%E6%97%A5%E6%9C%AC%E4%B8%80%E3%81%86%E3%81%BE%E3%81%84%E3%83%88%E3%82%B3%E3%83%AD%E3%83%86%E3%83%B3/data=!4m2!3m1!1s0x5ff5ddbddc300bad:0xf5fec5bf5f18c604,
出雲大社,,https://www.google.com/maps/place/%E5%87%BA%E9%9B%B2%E5%A4%A7%E7%A4%BE/data=!4m2!3m1!1s0x35575c942a56193d:0x706a6aaefcba84ef,
ホンダウエルカムプラザ 青山,,https://www.google.com/maps/place/%E3%83%9B%E3%83%B3%E3%83%80%E3%82%A6%E3%82%A8%E3%83%AB%E3%82%AB%E3%83%A0%E3%83%97%E3%83%A9%E3%82%B6+%E9%9D%92%E5%B1%B1/data=!4m2!3m1!1s0x60188c830e7996e9:0x54a971af02d398d3,
トヨタ会館,,https://www.google.com/maps/place/%E3%83%88%E3%83%A8%E3%82%BF%E4%BC%9A%E9%A4%A8/data=!4m2!3m1!1s0x6004a1bf0066877d:0x1eac2f3ac801ebc4,
三島スカイウォーク,,https://www.google.com/maps/place/%E4%B8%89%E5%B3%B6%E3%82%B9%E3%82%AB%E3%82%A4%E3%82%A6%E3%82%A9%E3%83%BC%E3%82%AF/data=!4m2!3m1!1s0x601757f2cc36d1ab:0x82282a0bb7a6a505,
竹田城跡,,https://www.google.com/maps/place/%E7%AB%B9%E7%94%B0%E5%9F%8E%E8%B7%A1/data=!4m2!3m1!1s0x355559b9d0af50c7:0x8d0d9d544c1350c9,
アトア（átoa）,,https://www.google.com/maps/place/%E3%82%A2%E3%83%88%E3%82%A2%EF%BC%88%C3%A1toa%EF%BC%89/data=!4m2!3m1!1s0x60008fbda0afa7c1:0x8f7ee912ecb7c1d4,
糸島市,,https://www.google.com/maps/place/%E7%B3%B8%E5%B3%B6%E5%B8%82/data=!4m2!3m1!1s0x3541e7fad27a8f01:0x919456694edeac0e,
清津峡,,https://www.google.com/maps/place/%E6%B8%85%E6%B4%A5%E5%B3%A1/data=!4m2!3m1!1s0x5ff5ff159e341ec1:0x712e3c6fc2727a95,
そばの郷 Abuzaka,,https://www.google.com/maps/place/%E3%81%9D%E3%81%B0%E3%81%AE%E9%83%B7+Abuzaka/data=!4m2!3m1!1s0x5ff5eec33767903b:0xd88f39ca17096e5c,
島根大学,唄,https://www.google.com/maps/place/%E5%B3%B6%E6%A0%B9%E5%A4%A7%E5%AD%A6/data=!4m2!3m1!1s0x355704462104c89d:0xbc687c0442b16769,
下関市,,https://www.google.com/maps/place/%E4%B8%8B%E9%96%A2%E5%B8%82/data=!4m2!3m1!1s0x3543755b556f5fa7:0x7101c1498e790a73,
犬吠埼,,https://www.google.com/maps/place/%E7%8A%AC%E5%90%A0%E5%9F%BC/data=!4m2!3m1!1s0x60233cc463d1b391:0xd5f71b78a6ca9c4d,
バンジージャパン 竜神バンジー,,https://www.google.com/maps/place/%E3%83%90%E3%83%B3%E3%82%B8%E3%83%BC%E3%82%B8%E3%83%A3%E3%83%91%E3%83%B3+%E7%AB%9C%E7%A5%9E%E3%83%90%E3%83%B3%E3%82%B8%E3%83%BC/data=!4m2!3m1!1s0x60219123eee75ddd:0x213bece030a834b1,
浄土平湿原,,https://www.google.com/maps/place/%E6%B5%84%E5%9C%9F%E5%B9%B3%E6%B9%BF%E5%8E%9F/data=!4m2!3m1!1s0x5f8a9737978128d9:0x900d2613bce606d0,
半月山展望台,,https://www.google.com/maps/place/%E5%8D%8A%E6%9C%88%E5%B1%B1%E5%B1%95%E6%9C%9B%E5%8F%B0/data=!4m2!3m1!1s0x601fa9d0cf9cea17:0x1439b21a587cd06c,
磐梯吾妻スカイライン,,https://www.google.com/maps/place/%E7%A3%90%E6%A2%AF%E5%90%BE%E5%A6%BB%E3%82%B9%E3%82%AB%E3%82%A4%E3%83%A9%E3%82%A4%E3%83%B3/data=!4m2!3m1!1s0x5f8a90e24b0cb575:0x9a35265510f2f528,
魚沼スカイライン,,https://www.google.com/maps/place/%E9%AD%9A%E6%B2%BC%E3%82%B9%E3%82%AB%E3%82%A4%E3%83%A9%E3%82%A4%E3%83%B3/data=!4m2!3m1!1s0x5ff5f14493b9f60f:0x5bfb479088d29d9a,
魚沼展望台,,https://www.google.com/maps/place/%E9%AD%9A%E6%B2%BC%E5%B1%95%E6%9C%9B%E5%8F%B0/data=!4m2!3m1!1s0x5ff5f9df726743c7:0x2bfff875d895b697,
日本国道最高地点碑,,https://www.google.com/maps/place/%E6%97%A5%E6%9C%AC%E5%9B%BD%E9%81%93%E6%9C%80%E9%AB%98%E5%9C%B0%E7%82%B9%E7%A2%91/data=!4m2!3m1!1s0x601defebb3338ce9:0x62b687f3b97e3a87,
【公式】宇宙航空研究開発機構 筑波宇宙センター（広報部運営）,,https://www.google.com/maps/place/%E3%80%90%E5%85%AC%E5%BC%8F%E3%80%91%E5%AE%87%E5%AE%99%E8%88%AA%E7%A9%BA%E7%A0%94%E7%A9%B6%E9%96%8B%E7%99%BA%E6%A9%9F%E6%A7%8B+%E7%AD%91%E6%B3%A2%E5%AE%87%E5%AE%99%E3%82%BB%E3%83%B3%E3%82%BF%E3%83%BC%EF%BC%88%E5%BA%83%E5%A0%B1%E9%83%A8%E9%81%8B%E5%96%B6%EF%BC%89/data=!4m2!3m1!1s0x60220cc37009b483:0xc204da122b39f493,
国営ひたち海浜公園,,https://www.google.com/maps/place/%E5%9B%BD%E5%96%B6%E3%81%B2%E3%81%9F%E3%81%A1%E6%B5%B7%E6%B5%9C%E5%85%AC%E5%9C%92/data=!4m2!3m1!1s0x60218b1d845e4441:0x767e1dea03e6f0e1,
サグラダ・ファミリア,,https://www.google.com/maps/place/%E3%82%B5%E3%82%B0%E3%83%A9%E3%83%80%E3%83%BB%E3%83%95%E3%82%A1%E3%83%9F%E3%83%AA%E3%82%A2/data=!4m2!3m1!1s0x12a4a2dcd83dfb93:0x9bd8aac21bc3c950,
Arundel Castle,,https://www.google.com/maps/place/Arundel+Castle/data=!4m2!3m1!1s0x4875b008220c7ad1:0x6e18c6b8d4774618,
